NLC,Station,entries_exits
625,King's Cross St. Pancras,36734085.143092
741,Victoria LU,33480925.597186
669,Oxford Circus,32863151.929759
635,London Bridge LU,30857082.442871
747,Waterloo LU,29868622.904995
719,Stratford,29106619.052794
634,Liverpool Street LU,26596892.965312
670,Paddington TfL,20437217.243160
852,Canary Wharf LU,18288801.952685
513,Bank and Monument,17657529.457221
631,Leicester Square,16345381.072358
728,Tottenham Court Road,16036230.852818
590,Green Park,15943762.550330
574,Euston LU,15882122.581563
524,Bond Street,15694938.995701
674,Piccadilly Circus,14144793.462934
580,Finsbury Park,14048632.394050
777,Vauxhall LU,13623576.145691
778,Brixton LU,12831055.516087
789,North Greenwich,11279521.955538
607,Holborn,11252227.528444
511,Baker Street,11147641.521645
708,South Kensington,10824382.963802
593,Hammersmith (DIS),10798249.472104
665,Old Street,9635309.892175
514,Barking,9272519.479930
535,Camden Town,9118496.573929
645,Moorgate,8789962.331452
577,Farringdon,8497573.121758
562,Earl's Court,8396551.722132
603,Highbury & Islington,8340489.697824
542,Embankment,8251813.178982
742,Walthamstow Central,7906473.702997
752,Wembley Park,7894561.753739
570,Elephant & Castle LU,7881462.560325
761,Westminster,7699649.569911
700,Shepherd's Bush LU,7584135.194603
884,Canning Town,7522671.764904
553,Covent Garden,7484431.560720
626,Knightsbridge,7453212.286150
702,Sloane Square,7380127.818297
698,Seven Sisters,7364300.124803
731,Tower Hill,7328487.850291
507,Angel,7258743.913767
718,Charing Cross LU,7154835.211019
729,Tottenham Hale LU,7115066.403017
767,Wimbledon,7056385.861612
745,Warren Street,7038704.094887
583,Gloucester Road,6967643.064189
560,Ealing Broadway,6934968.404978
727,Tooting Broadway,6892543.892084
642,Mile End,6644477.226754
663,Notting Hill Gate,6404192.584235
520,Bethnal Green LU,6322604.083154
763,Whitechapel,6205115.998281
788,Canada Water,5970316.665959
566,East Ham,5966757.237767
503,Aldgate East,5611129.827751
541,Chancery Lane,5469516.061962
770,Wood Green,5433152.630381
697,St. Paul's,5359931.595629
512,Balham LU,5356511.989219
632,Leyton,5293420.446698
575,Euston Square,5263980.437477
640,Marble Arch,5242933.411556
784,Southwark,5034191.605035
522,Blackhorse Road,4985900.778550
521,Blackfriars LU,4795990.473551
739,Upton Park,4784244.309646
598,Harrow-on-the-Hill,4761644.791921
547,Clapham Common,4712091.771364
764,White City,4624536.552057
716,Stockwell,4614856.082232
641,Marylebone LU,4597698.232767
735,Turnpike Lane,4494164.459936
758,West Hampstead LU,4472941.376744
605,High Street Kensington,4454568.089266
647,Morden,4421002.212046
633,Leytonstone,4259419.318786
773,Hammersmith (H&C),4225083.160393
787,Bermondsey,4176708.925422
581,Fulham Broadway,4148234.716864
776,Pimlico,4058878.060839
508,Archway,4027456.249856
579,Finchley Road,3908194.699821
695,St. James's Park,3901970.341663
549,Clapham South,3758230.608075
619,Kentish Town,3708705.090681
694,Russell Square,3655413.681538
681,Queensway,3619503.743345
726,Tooting Bec,3610528.578233
638,Manor House,3593705.577871
502,Aldgate,3525128.321636
578,Finchley Central,3523038.496093
740,Uxbridge,3486758.322385
501,Barbican,3467856.070841
696,St. John's Wood,3464027.100774
551,Colindale,3432151.606847
765,Willesden Green,3384122.212726
584,Golders Green,3332144.086702
622,Kilburn,3297470.829544
548,Clapham North,3273797.329113
653,North Acton,3148552.322419
668,Oval,3129276.419949
724,Temple,3070900.049243
552,Colliers Wood,3024059.917704
567,East Putney,3007533.489397
723,Swiss Cottage,3001198.252135
672,Parsons Green,2993896.958123
601,Hendon Central,2933496.102024
500,Acton Town,2902696.681446
516,Barons Court,2900237.210817
609,Holloway Road,2882905.207223
556,Dagenham Heathway,2869563.750173
569,Edgware Road (DIS),2838710.282341
582,Gants Hill,2835478.378823
565,East Finchley,2809497.570676
755,West Brompton,2734931.643623
757,West Ham,2718754.039447
751,Wembley Central,2708192.531556
715,Stepney Green,2707640.962705
705,Southfields,2695551.951004
678,Putney Bridge,2686314.400009
588,Great Portland Street,2685637.028748
676,Plaistow,2671882.045442
629,Lancaster Gate,2668131.316255
769,Woodford,2663456.967665
734,Turnham Green,2661113.816717
627,Ladbroke Grove,2648507.066184
766,Willesden Junction,2631398.499847
519,Belsize Park,2609939.281541
586,Goodge Street,2537085.769820
527,Bounds Green,2509255.341357
616,Kennington,2486398.427059
657,Northolt,2467439.874147
780,Heathrow Terminals 123 LU,2452747.022179
604,Highgate,2428486.345320
534,Caledonian Road,2421295.422128
712,South Woodford,2380524.271584
680,Queen's Park,2380111.096788
706,Southgate,2312226.163295
568,Edgware,2278683.426764
528,Bow Road,2257179.893155
650,Newbury Park,2218404.265387
736,Upminster,2214271.054398
686,Richmond,2196601.685898
540,Chalk Farm,2195398.044634
599,Wood Lane,2194794.717328
774,Edgware Road (Bak),2183057.648877
832,Battersea Power Station,2177910.864595
536,Cannon Street LU,2147772.272808
621,Kew Gardens,2146236.023365
594,Hampstead,2111620.394160
639,Mansion House,2088947.671157
597,Harrow & Wealdstone,2079626.634810
624,Kingsbury,2067899.122149
525,Borough,2066433.711503
589,Greenford,2049869.277285
530,Bromley-by-Bow,2030518.692022
760,West Kensington,2028752.650938
783,Heathrow Terminal 5 LU,2027836.571647
771,Woodside Park,2015726.839308
591,Gunnersbury,1967487.431624
509,Arnos Grove,1963342.838200
711,South Wimbledon,1937292.684258
532,Burnt Oak,1912270.137894
572,Epping,1890743.388600
614,Hyde Park Corner,1883530.202424
558,Dollis Hill,1865452.745956
660,Northwick Park,1836275.500655
679,Queensbury,1835749.511996
602,High Barnet,1826421.396585
754,Westbourne Park,1823204.087559
683,Rayners Lane,1778249.840305
612,Hounslow East,1773817.667392
518,Becontree,1759768.378058
592,Hainault,1732237.261852
714,Stanmore,1729034.084931
746,Warwick Avenue,1673859.582245
775,Shepherd's Bush Market,1656235.706073
655,Northfields,1630937.928122
608,Holland Park,1618470.648098
636,Loughton,1606879.260329
649,Neasden,1564012.447930
613,Hounslow West,1550627.938734
596,Harlesden,1549699.539256
733,Tufnell Park,1540272.566891
682,Ravenscourt Park,1533828.205382
611,Hounslow Central,1519625.614354
517,Bayswater,1498956.886303
555,Dagenham East,1496281.617248
704,South Ealing,1495186.473097
595,Hanger Lane,1467627.977509
637,Maida Vale,1433954.372227
648,Mornington Crescent,1425295.848799
779,Hatton Cross,1411470.096799
571,Elm Park,1406370.098487
677,Preston Road,1388172.824275
623,Kilburn Park,1375207.281859
505,Alperton,1345253.101586
563,East Acton,1326939.264577
561,Ealing Common,1308099.978985
664,Oakwood,1290796.177399
628,Lambeth North,1286347.023510
675,Pinner,1280875.031580
661,Northwood,1274615.068148
685,Regent's Park,1265551.302212
684,Redbridge,1259737.651665
537,Canons Park,1249231.290307
738,Upney,1241843.842339
717,Stonebridge Park,1237626.565530
713,Stamford Brook,1223866.210425
510,Arsenal,1209092.631104
564,Eastcote,1187713.644029
690,Royal Oak,1185481.086262
743,Wanstead,1181072.353926
831,Nine Elms,1163115.990556
557,Debden,1106863.292902
687,Rickmansworth,1098469.165727
703,Snaresbrook,1083967.615470
673,Perivale,1080893.135111
630,Latimer Road,1075228.536249
531,Buckhurst Hill,1072751.367303
529,Brent Cross,1071927.242040
617,Kensal Green,1068361.559039
730,Totteridge & Whetstone,1064853.270164
768,Wimbledon Park,1053984.167091
707,South Harrow,1013771.873260
545,Chiswick Park,1013033.087417
748,Watford,955673.606714
585,Goldhawk Road,954301.025833
620,Kenton,949500.257008
506,Amersham,946577.046456
610,Hornchurch,934752.118550
671,Park Royal,918332.623582
667,Osterley,911251.979910
720,Sudbury Hill,889528.585884
710,South Ruislip,888275.665483
526,Boston Manor,879894.738807
693,Ruislip Manor,839241.859454
550,Cockfosters,836565.950998
721,Sudbury Town,835671.172607
662,Northwood Hills,831676.568180
691,Ruislip,821706.283624
546,Chorleywood,803804.738430
659,North Wembley,778945.569712
656,North Harrow,769256.963806
643,Mill Hill East,764643.841824
606,Hillingdon,747141.384994
539,Chalfont & Latimer,736602.082234
753,West Acton,709948.011837
762,West Ruislip,708681.442434
756,West Finchley,705772.313359
515,Barkingside,647202.776162
709,South Kenton,626385.990374
759,West Harrow,560543.224352
576,Fairlop,541194.153272
737,Upminster Bridge,507764.824828
543,Chesham,507494.684999
554,Croxley,487950.048587
615,Ickenham,480784.679834
692,Ruislip Gardens,476607.295599
646,Moor Park,463133.198479
725,Theydon Bois,423966.750005
654,North Ealing,357587.517948
587,Grange Hill,232680.387079
544,Chigwell,192328.260026
688,Roding Valley,155225.939301
618,Kensington (Olympia),34499.471167
781,Heathrow Terminal 4 LU,0.000000
